star_rating,title,content_rating,genre,duration,actors_list
7.8,Hamlet,PG-13,Drama,242,"[u'Kenneth Branagh', u'Julie Christie', u'Derek Jacobi']"
8.2,Gone with the Wind,G,Drama,238,"[u'Clark Gable', u'Vivien Leigh', u'Thomas Mitchell']"
8.4,Once Upon a Time in America,R,Crime,229,"[u'Robert De Niro', u'James Woods', u'Elizabeth McGovern']"
8.3,Lagaan: Once Upon a Time in India,PG,Adventure,224,"[u'Aamir Khan', u'Gracy Singh', u'Rachel Shelley']"
7.9,The Ten Commandments,APPROVED,Adventure,220,"[u'Charlton Heston', u'Yul Brynner', u'Anne Baxter']"
8.4,Lawrence of Arabia,PG,Adventure,216,"[u""Peter O'Toole"", u'Alec Guinness', u'Anthony Quinn']"
8.1,Ben-Hur,G,Adventure,212,"[u'Charlton Heston', u'Jack Hawkins', u'Stephen Boyd']"
8.7,Seven Samurai,UNRATED,Drama,207,"[u'Toshir\xf4 Mifune', u'Takashi Shimura', u'Keiko Tsushima']"
7.6,"It's a Mad, Mad, Mad, Mad World",APPROVED,Action,205,"[u'Spencer Tracy', u'Milton Berle', u'Ethel Merman']"
7.7,Malcolm X,PG-13,Biography,202,"[u'Denzel Washington', u'Angela Bassett', u'Delroy Lindo']"
8.9,The Lord of the Rings: The Return of the King,PG-13,Adventure,201,"[u'Elijah Wood', u'Viggo Mortensen', u'Ian McKellen']"
9.1,The Godfather: Part II,R,Crime,200,"[u'Al Pacino', u'Robert De Niro', u'Robert Duvall']"
8.0,Spartacus,PG-13,Action,197,"[u'Kirk Douglas', u'Laurence Olivier', u'Jean Simmons']"
8.0,Doctor Zhivago,PG-13,Drama,197,"[u'Omar Sharif', u'Julie Christie', u'Geraldine Chaplin']"
8.9,Schindler's List,R,Biography,195,"[u'Liam Neeson', u'Ralph Fiennes', u'Ben Kingsley']"
7.7,Titanic,PG-13,Drama,194,"[u'Leonardo DiCaprio', u'Kate Winslet', u'Billy Zane']"
7.9,The Right Stuff,R,Adventure,193,"[u'Sam Shepard', u'Scott Glenn', u'Ed Harris']"
7.7,Grindhouse,R,Action,191,"[u'Kurt Russell', u'Rose McGowan', u'Danny Trejo']"
8.1,Gandhi,PG,Biography,191,"[u'Ben Kingsley', u'John Gielgud', u'Candice Bergen']"
8.0,JFK,R,Drama,189,"[u'Kevin Costner', u'Gary Oldman', u'Jack Lemmon']"
8.4,Swades,NOT RATED,Drama,189,"[u'Shah Rukh Khan', u'Gayatri Joshi', u'Kishori Balal']"
8.5,The Green Mile,R,Crime,189,"[u'Tom Hanks', u'Michael Clarke Duncan', u'David Morse']"
8.0,Magnolia,R,Drama,188,"[u'Tom Cruise', u'Jason Robards', u'Julianne Moore']"
8.2,Fanny and Alexander,R,Drama,188,"[u'Bertil Guve', u'Pernilla Allwin', u'Kristina Adolphson']"
7.7,Short Cuts,R,Comedy,187,"[u'Andie MacDowell', u'Julianne Moore', u'Tim Robbins']"
8.3,Judgment at Nuremberg,NOT RATED,Drama,186,"[u'Spencer Tracy', u'Burt Lancaster', u'Richard Widmark']"
8.1,Barry Lyndon,PG,Adventure,184,"[u""Ryan O'Neal"", u'Marisa Berenson', u'Patrick Magee']"
8.3,Dil Chahta Hai,NOT RATED,Comedy,183,"[u'Aamir Khan', u'Saif Ali Khan', u'Akshaye Khanna']"
8.2,The Deer Hunter,R,Drama,182,"[u'Robert De Niro', u'Christopher Walken', u'John Cazale']"
8.0,Fiddler on the Roof,G,Drama,181,"[u'Topol', u'Norma Crane', u'Leonard Frey']"
8.4,Dilwale Dulhania Le Jayenge,NOT RATED,Comedy,181,"[u'Shah Rukh Khan', u'Kajol', u'Amrish Puri']"
8.0,Dances with Wolves,PG-13,Adventure,181,"[u'Kevin Costner', u'Mary McDonnell', u'Graham Greene']"
8.2,The Wolf of Wall Street,R,Biography,180,"[u'Leonardo DiCaprio', u'Jonah Hill', u'Margot Robbie']"
7.9,Blue Is the Warmest Color,NC-17,Drama,179,"[u'L\xe9a Seydoux', u'Ad\xe8le Exarchopoulos', u'Salim Kechiouche']"
8.8,The Lord of the Rings: The Two Towers,PG-13,Adventure,179,"[u'Elijah Wood', u'Ian McKellen', u'Viggo Mortensen']"
8.8,The Lord of the Rings: The Fellowship of the Ring,PG-13,Adventure,178,"[u'Elijah Wood', u'Ian McKellen', u'Orlando Bloom']"
7.8,The Longest Day,G,Action,178,"[u'John Wayne', u'Robert Ryan', u'Richard Burton']"
8.0,Dogville,R,Crime,178,"[u'Nicole Kidman', u'Paul Bettany', u'Lauren Bacall']"
8.2,Casino,R,Biography,178,"[u'Robert De Niro', u'Sharon Stone', u'Joe Pesci']"
8.4,Braveheart,R,Action,177,"[u'Mel Gibson', u'Sophie Marceau', u'Patrick McGoohan']"
8.6,Once Upon a Time in the West,PG-13,Western,175,"[u'Henry Fonda', u'Charles Bronson', u'Claudia Cardinale']"
7.4,A Bridge Too Far,PG,Drama,175,"[u'Sean Connery', u""Ryan O'Neal"", u'Michael Caine']"
9.2,The Godfather,R,Crime,175,"[u'Marlon Brando', u'Al Pacino', u'James Caan']"
8.1,La Dolce Vita,NOT RATED,Comedy,174,"[u'Marcello Mastroianni', u'Anita Ekberg', u'Anouk Aim\xe9e']"
8.0,The Sound of Music,G,Biography,174,"[u'Julie Andrews', u'Christopher Plummer', u'Eleanor Parker']"
8.2,The Best Years of Our Lives,PASSED,Drama,172,"[u'Fredric March', u'Dana Andrews', u'Myrna Loy']"
7.5,Cloud Atlas,R,Drama,172,"[u'Tom Hanks', u'Halle Berry', u'Hugh Grant']"
8.3,The Great Escape,UNRATED,Adventure,172,"[u'Steve McQueen', u'James Garner', u'Richard Attenborough']"
8.0,Patton,GP,Biography,172,"[u'George C. Scott', u'Karl Malden', u'Stephen Young']"
7.9,My Fair Lady,APPROVED,Drama,170,"[u'Audrey Hepburn', u'Rex Harrison', u'Stanley Holloway']"
